Movie ID,Genre IDs,Popularity
842945,"[28, 18]",14.883
786705,"[35, 18]",14.883
366696,[99],14.883
35032,"[10402, 10749, 35, 12]",14.883
6103,"[80, 9648]",14.882
664300,"[35, 18]",14.881
1212009,"[18, 10749]",14.88
397415,"[28, 18, 53]",14.879
1122634,"[14, 35, 80]",14.878
967585,"[35, 10751]",14.875
10604,[18],14.875
1377681,"[18, 36]",14.874
204435,"[28, 878]",14.873
1553,"[10402, 18, 80]",14.873
1555,"[18, 35, 10749]",14.87
567971,"[35, 27]",14.869
89185,"[35, 18, 10751, 10770, 10402]",14.869
18808,"[28, 12, 18]",14.869
343144,"[10749, 35, 18]",14.867
26405,"[18, 53]",14.867
1900,"[53, 18, 80]",30.818
44115,"[12, 18, 53]",30.803
831973,[18],30.787
747188,"[35, 18]",30.773
120475,"[28, 16, 878]",30.767
1578,[18],30.767
624963,"[10751, 14, 12, 35]",30.766
15157,"[35, 10402]",30.759
546726,"[18, 10749]",30.733
931102,"[28, 35, 18, 10751]",30.708
31685,"[18, 10749, 27]",30.706
353616,"[35, 10402]",30.705
628704,"[53, 80]",30.695
571055,"[27, 53, 10770]",30.695
66105,"[28, 16, 14]",30.695
480414,[27],30.691
682,"[12, 28, 53]",30.687
13597,"[12, 10751, 14]",30.678
15070,"[18, 80]",30.67
10358,"[35, 10749]",30.67
428493,"[10749, 18]",15.546
18415,"[18, 35]",15.546
11026,"[27, 9648, 53]",15.545
14854,"[28, 80]",15.544
918930,"[16, 14, 18]",15.543
8831,"[53, 878, 28, 80]",15.541
2749,"[28, 80, 53]",15.54
17332,"[18, 10402]",15.539
658228,[10749],15.536
437375,"[53, 9648]",15.535
201749,"[18, 35]",15.535
826749,"[28, 53, 80]",15.534
573730,"[16, 12, 14, 9648, 18, 878]",15.533
369192,"[18, 35, 36]",15.532
8838,"[28, 80, 18, 53]",15.532
15271,[35],15.53
1171099,"[18, 36]",15.529
987917,[35],15.527
890656,"[28, 14]",15.527
780609,"[27, 53, 14]",15.523
487242,"[878, 28, 16]",19.939
10708,"[35, 10751]",19.938
15263,"[37, 35]",19.937
354285,"[9648, 18]",19.935
10316,[18],19.933
1016084,[35],19.928
52333,[18],19.928
114478,"[16, 28, 878]",19.927
15139,"[10751, 14, 16]",19.927
393457,[18],19.923
104,"[28, 18, 53]",19.922
16411,"[28, 80, 18]",19.912
12600,"[12, 14, 16, 878, 10751]",19.911
10493,"[53, 27]",19.911
9320,"[28, 12, 53, 878, 35]",19.91
18972,[37],19.905
209189,"[35, 80]",19.894
11948,"[18, 36, 10752]",19.89
2665,[35],19.886
458344,"[35, 18, 10749]",19.884
323677,"[18, 36]",15.074
290729,"[53, 28]",15.074
651070,"[18, 53, 9648]",15.073
484886,[878],15.073
2755,"[18, 35]",15.072
129139,"[35, 10749]",15.071
1352954,"[10751, 35]",15.07
366018,"[35, 10749, 10770]",15.07
70345,"[27, 878]",15.07
54898,"[18, 10749]",15.07
1171989,[99],15.068
18780,"[10752, 18]",15.068
949581,[16],15.067
340674,"[18, 53]",15.066
11909,"[28, 80, 53]",15.066
11692,"[28, 35, 878]",15.066
9040,"[80, 18]",15.066
435601,"[80, 53, 28]",15.065
18214,"[28, 18]",15.065
561458,[80],15.064
700391,"[28, 12, 878]",40.012
149,"[16, 878, 28]",39.994
10895,"[16, 10751, 14]",39.993
356305,[35],39.985
87421,"[878, 28, 53]",39.976
84892,[18],39.949
18835,"[35, 10749]",39.946
379686,"[10751, 16, 35, 878]",39.941
324668,"[28, 53]",39.938
157433,"[27, 53]",39.917
95,"[28, 53, 878, 12]",39.89
73456,"[10751, 16, 14]",39.882
8078,"[878, 27, 28]",39.874
433808,"[27, 53, 9648]",39.868
302699,"[28, 35, 80, 9648]",39.866
406563,"[27, 53]",39.863
173185,[35],39.86
118340,"[28, 878, 12]",39.857
1979,"[878, 12, 28]",39.85
1051560,[27],39.822
288,"[37, 53]",26.642
9473,"[16, 35]",26.635
454458,"[16, 10402, 10751, 35]",26.625
1039690,"[53, 28, 80, 18]",26.62
617653,"[36, 18, 28]",26.611
228205,"[18, 10749]",26.61
18487,"[80, 53, 28]",26.606
10222,"[28, 53, 18]",26.594
10258,"[16, 35, 10751]",26.593
227159,[35],26.592
420821,"[16, 10751, 35, 12, 9648]",26.581
1576,"[27, 28, 878]",26.58
780382,"[10751, 12, 18]",26.569
12665,"[18, 14]",26.56
588108,"[10752, 28, 18, 36]",26.559
271026,"[35, 10749]",26.548
1146412,[10749],26.546
866463,"[80, 9648, 53]",26.545
10226,"[27, 53, 9648]",26.545
506517,"[12, 10751, 878]",26.544
1181548,[28],35.861
928358,[18],35.861
1180629,"[35, 18, 10402]",35.859
1111491,"[35, 18, 10749]",35.849
536437,"[9648, 53, 878]",35.844
947,"[12, 36, 10752]",35.843
64635,"[28, 878, 53]",35.835
10351,"[27, 14]",35.83
391757,"[18, 28]",35.806
1128514,[99],35.804
454992,"[35, 28, 12]",35.802
152,"[878, 12, 9648]",35.792
379149,"[28, 53]",35.782
64690,"[18, 53, 80]",35.765
709631,[27],35.763
1538,"[18, 80, 53]",35.762
19912,"[27, 9648]",35.756
848890,"[28, 878]",35.717
81218,"[18, 14, 10770]",35.717
256274,"[27, 53]",35.708
278927,"[10751, 12, 18, 14]",55.409
37724,"[28, 12, 53]",55.361
670292,"[28, 12, 878]",55.31
1091,"[27, 9648, 878]",55.298
581528,"[80, 28, 53]",55.254
1060090,"[28, 53]",55.253
292610,[35],55.249
1010600,"[27, 53]",55.242
670,"[18, 53, 9648, 28]",55.139
267935,"[12, 10751, 14]",55.117
1362961,[35],55.076
704673,[28],55.051
44683,"[16, 12, 10751, 14]",55.027
660982,[35],54.975
949,"[80, 18, 28]",54.971
218746,"[35, 10749]",54.916
934866,"[18, 53]",54.847
1572,"[28, 53]",54.833
626332,"[18, 36]",54.811
812,"[16, 10751, 12, 14, 10749]",54.801
1094844,"[28, 878]",62.75
115290,"[18, 12, 10749, 10770]",62.747
447200,"[28, 53, 12]",62.73
451048,"[14, 12]",62.694
1262983,"[27, 53]",62.654
694,"[27, 53]",62.614
36647,"[27, 28]",62.489
4951,"[35, 10749, 18]",62.327
19119,"[18, 80]",62.25
960490,[],62.231
1114738,"[28, 53]",62.219
1012201,"[16, 18]",62.191
4348,"[18, 10749]",62.167
37799,[18],62.164
197,"[28, 18, 36, 10752]",62.13
77338,"[18, 35]",62.101
93456,"[16, 35, 10751]",62.036
17899,"[35, 18]",61.988
578,"[27, 53, 12]",61.978
1029955,"[18, 35]",61.925
9425,"[878, 28, 18, 14]",16.074
324560,"[53, 37]",16.073
995012,"[9648, 53, 28]",16.071
937013,"[28, 9648, 12]",16.07
586347,[28],16.07
10733,"[36, 10752, 18]",16.069
936559,[10749],16.068
32528,"[28, 18]",16.065
10534,"[18, 12]",16.065
464293,"[18, 14, 28]",16.064
576,[37],16.064
158,"[35, 80]",16.064
82505,"[27, 53]",16.062
152760,"[10752, 18, 36, 28]",16.061
1064517,[28],16.059
465086,"[27, 9648]",16.059
3082,"[35, 18, 10749]",16.059
10619,[28],16.058
4203,"[35, 18]",16.058
1142366,"[10770, 35, 10749, 10751]",16.056
838209,"[9648, 27, 53]",76.457
181808,"[12, 28, 878]",76.421
550988,"[35, 12, 878]",76.359
527774,"[16, 10751, 14, 28, 12]",76.259
181812,"[12, 28, 878]",76.234
131631,"[878, 12, 53]",76.07
1174618,"[27, 53]",76.061
177677,"[28, 12]",76.059
85,"[12, 28]",75.951
38365,[35],75.95
1317218,[27],75.946
934433,"[27, 80, 53]",75.898
10138,"[12, 28, 878]",75.843
335797,"[16, 35, 10751, 10402]",75.776
105,"[12, 35, 878]",75.749
614933,"[878, 28]",75.686
423108,"[27, 9648, 53]",75.452
1284004,"[16, 35]",75.339
247136,"[18, 10749]",75.095
624091,"[28, 12, 878, 14, 18]",75.065
532444,"[10749, 18]",16.097
1977,"[9648, 27, 53]",22.533
9494,"[35, 10749]",16.094
548537,"[18, 10749, 10770]",16.092
11705,"[18, 53]",16.092
831405,"[16, 878, 14, 28]",16.091
26845,"[28, 12]",16.091
18500,"[10751, 35]",16.091
11364,"[10749, 18]",16.09
181656,"[16, 18, 36, 27]",16.089
79113,"[35, 10751, 10770, 10749, 18]",16.085
583268,"[18, 10749, 35]",16.083
9208,"[28, 12, 53]",16.083
39148,"[16, 12, 14]",16.082
12110,"[35, 27]",16.082
8054,"[12, 14, 9648]",16.081
1941,"[18, 10752]",22.513
1010730,"[10770, 10749, 35]",16.076
338768,"[35, 18]",16.075
626393,"[10751, 28]",16.074
38157,"[27, 14]",24.626
13680,"[35, 10751]",24.623
13285,"[16, 10751, 12, 14]",24.62
205,"[18, 36, 10752]",24.611
286532,[35],24.608
17474,"[18, 10751, 10749]",24.603
9600,"[80, 35]",24.603
180564,[12],24.602
8848,"[53, 80, 18]",24.597
548473,"[27, 878, 9648]",24.588
814,"[35, 27]",24.588
77174,"[10751, 16, 12, 35]",24.585
64686,"[18, 28, 14]",24.581
11878,"[18, 53]",24.58
817758,"[18, 10402]",24.574
9593,"[12, 14, 28, 35, 10751]",24.571
363992,"[80, 18, 36, 53, 10770]",24.566
9665,"[18, 36, 10752]",24.565
3525,"[35, 10749, 18]",24.557
391,[37],24.553
664236,"[16, 35, 10751, 12]",19.181
335778,"[28, 12, 18, 14]",19.181
439,"[35, 18]",19.179
629015,"[53, 27, 18]",19.176
361745,"[10770, 10749]",19.176
33613,"[28, 53, 80, 9648]",19.171
11825,"[35, 80]",19.169
333667,"[16, 12, 35, 10751, 10402]",19.165
348537,"[35, 10749, 10751]",19.163
429300,"[53, 10749, 12]",19.161
1035369,"[10749, 18, 10402]",19.16
394723,"[18, 10749]",19.158
38410,"[27, 9648, 80, 53]",19.15
18990,[27],19.15
188982,"[28, 35]",19.146
277355,"[53, 28]",19.143
978,"[12, 18, 36]",19.143
458131,"[18, 36]",19.142
1232177,[10749],19.141
18282,"[35, 10749, 10751]",19.141
18501,"[28, 53, 878]",25.04
698948,"[18, 53]",25.039
81481,[18],25.036
300681,"[878, 53, 18]",25.035
704440,[10749],25.034
15566,"[35, 10749]",25.031
167,"[878, 18, 9648]",25.022
38142,"[16, 10749, 18]",25.02
10303,"[12, 28, 35, 10749]",25.011
552095,"[12, 16, 10751, 28]",25.009
346709,"[53, 80, 28]",25.005
3131,"[18, 36, 80]",24.984
1306434,"[35, 18, 9648]",24.964
10603,"[12, 35, 10751, 10749]",24.953
504,"[80, 18]",24.951
4929,[37],24.95
42246,"[16, 35, 10751]",24.946
10314,"[35, 10749]",24.945
1577,"[27, 28, 878]",24.944
700199,[10749],24.941
452773,"[16, 12, 35, 10751]",34.291
1656,"[28, 12, 37]",34.283
17581,"[14, 16, 28]",34.274
9982,"[16, 10751, 35]",34.273
1022685,"[10770, 35, 10749, 18]",34.258
11774,"[12, 35, 10751]",34.247
10515,"[12, 14, 16, 28, 10751]",34.241
798021,"[35, 14, 10751]",34.227
654739,"[28, 80, 18, 53]",34.197
454615,"[28, 53]",34.177
452832,"[53, 9648, 18]",34.177
12405,"[18, 10749]",34.166
8009,"[12, 28, 14]",34.158
12437,"[14, 28, 53]",34.153
569820,[],34.15
1076487,"[10752, 28, 18]",34.145
215,[27],34.126
718789,"[16, 878, 10751, 12]",34.122
296099,[35],34.081
984105,[27],34.077
809787,"[35, 80, 28]",16.055
342521,"[28, 35, 80]",16.055
529983,"[53, 80]",16.054
285135,"[878, 10770]",16.051
348950,"[18, 10749]",16.05
10367,"[80, 18, 9648]",16.05
1240773,[10749],16.049
36683,"[878, 12, 9648]",16.048
156708,"[35, 18]",16.046
34723,"[12, 18, 10751]",16.044
487437,"[35, 18]",16.043
838,"[35, 18]",16.043
46122,[99],16.042
11558,"[35, 80, 10749, 53]",16.037
68,"[35, 878]",16.036
364220,"[18, 14, 27]",16.034
523781,"[18, 10749]",16.033
14362,"[28, 80]",16.032
12700,"[27, 53, 18]",16.031
1647,"[28, 53]",16.031
134,"[12, 35, 80]",15.23
18975,"[10751, 14, 12, 18]",15.229
361746,"[18, 10749, 10770]",15.228
355020,[99],15.228
37645,"[18, 80, 53]",15.226
1242196,[],15.225
500919,"[80, 28, 53]",15.225
15766,"[878, 28, 14, 53]",15.225
18683,"[10749, 35]",15.223
740441,[53],15.222
640028,[99],15.222
36645,"[35, 80, 28, 53]",15.221
11796,"[35, 18, 10749]",15.221
248058,"[10749, 18, 10770]",15.22
19025,"[35, 27, 53]",15.22
3640,"[10749, 35]",15.218
20932,"[10751, 14, 35, 10749]",15.216
45127,"[18, 10749]",15.215
15267,"[10752, 18]",15.215
505423,"[27, 9648, 53]",15.214
1375,[18],22.949
263132,[35],22.948
1213712,[35],22.936
458376,[],22.932
15775,"[14, 18, 10749]",22.931
1230393,"[16, 28, 14, 12]",22.93
10835,"[28, 80, 18, 53]",22.927
1588,[35],22.924
1391300,"[35, 18]",22.923
331576,"[28, 80, 53, 12]",22.923
986056,"[28, 12]",22.921
51540,"[35, 80]",22.906
239241,[28],22.905
106021,"[28, 53]",22.899
1247458,"[18, 80, 53]",22.894
16000,"[28, 10751, 878]",22.894
2133,"[28, 12, 18, 53]",22.894
2124,"[10749, 9648, 53]",22.889
571,"[27, 53]",22.88
23916,"[28, 18]",22.877
315162,"[16, 12, 14, 35, 10751]",153.853
673,"[12, 14]",153.612
597,"[18, 10749]",153.03
1216191,"[27, 9648]",151.195
335984,"[878, 18]",150.94
45890,"[18, 10770]",149.976
824003,"[80, 28]",149.965
345887,"[28, 53, 80]",149.848
1241748,[18],149.627
829560,"[10749, 18]",149.321
9479,"[14, 16, 10751]",148.885
22705,"[35, 18, 10749]",148.796
550,[18],147.899
447365,"[878, 12, 28]",147.767
827931,"[27, 878, 53]",147.606
1167271,"[28, 12, 53]",146.894
1215162,"[28, 80, 53]",146.891
1219685,"[18, 10770]",146.625
1226578,"[27, 53, 80]",146.483
1337309,"[28, 80, 18, 53]",146.341
34851,"[878, 28, 53]",56.442
930600,"[27, 53]",56.389
989662,"[35, 18]",56.369
37265,"[35, 18]",56.287
116745,"[12, 35, 18, 14]",56.285
404368,"[10751, 16, 35, 12]",56.261
677179,"[18, 28]",56.226
673593,[35],56.224
10510,"[14, 18, 10751]",56.211
157350,"[28, 12, 878]",56.202
527641,"[10749, 18]",56.201
158852,"[12, 10751, 9648, 878]",56.2
19404,"[35, 18, 10749]",56.199
73861,"[80, 27, 53]",56.191
454640,"[16, 28, 14, 12, 35]",56.17
49530,"[28, 53, 878]",56.17
829402,"[16, 878, 10751, 28]",56.15
1598,"[18, 80, 53]",56.133
920,"[16, 12, 35, 10751]",56.104
8920,"[16, 35, 10751]",56.083
984324,[28],72.961
346364,[27],72.92
339846,"[35, 28, 80]",72.703
755679,"[28, 80, 53]",72.693
561,"[14, 28, 27]",72.688
11224,"[10751, 14, 16, 10749]",72.679
1190868,"[27, 878, 53]",72.631
68726,"[28, 878, 12]",72.495
35,"[16, 35, 10751]",72.47
11635,[35],72.414
652,"[12, 36, 10752]",72.362
283995,"[878, 12, 28]",72.306
930094,"[35, 10749]",72.303
11324,"[18, 53, 9648]",72.292
27098,"[18, 10749, 10752]",72.262
529203,"[16, 10751, 12, 14, 35]",72.237
329865,"[18, 878, 9648]",72.176
988078,"[10749, 18, 35]",72.137
333339,"[12, 28, 878]",72.094
112160,"[35, 18, 10749]",72.088
11155,[35],17.63
18438,"[18, 35, 10749]",17.629
8974,"[878, 28]",17.628
560192,[53],17.627
474498,"[16, 10751]",17.624
20077,"[16, 28, 14, 9648]",17.624
353576,"[35, 80]",17.622
152742,"[18, 10749, 80]",17.62
959395,"[18, 36]",17.616
26550,[18],17.616
1211728,[27],17.615
22825,"[53, 878]",17.614
1376745,[99],17.611
364733,"[18, 10749]",17.611
10452,"[18, 36, 10749]",17.61
991708,"[14, 35, 27]",17.608
17664,"[37, 10752]",17.608
489999,"[18, 9648, 53]",17.605
36245,"[18, 35, 80]",17.605
58433,"[18, 10770]",17.604
753453,"[27, 53]",24.084
1259112,"[27, 14]",24.081
55241,"[878, 12, 10770]",24.081
33196,"[28, 18, 53]",24.079
942,"[28, 12, 35, 80, 53]",24.077
10377,[35],24.073
2043,"[80, 9648, 53, 28]",24.071
10017,"[28, 878]",24.068
3603,"[27, 35]",24.066
11005,[18],24.056
1389305,"[18, 80, 10751]",24.055
1574,"[35, 80, 18]",24.055
454652,"[18, 36]",24.049
1307178,[27],24.048
284289,[53],24.046
713607,[10749],24.044
2140,"[28, 80, 53]",24.042
9489,"[35, 10749]",24.039
301502,[18],24.037
6947,"[18, 9648, 53]",24.033
11467,"[35, 10749]",16.912
1053110,"[10749, 35]",16.91
774741,"[16, 35, 10751]",16.91
11867,"[878, 28, 12]",16.908
1389540,"[18, 27]",16.906
12187,"[14, 35, 10749]",16.905
932430,"[10749, 35]",16.904
534179,[10749],16.9
171,"[35, 10749, 18]",16.9
13051,"[80, 28, 18, 53]",16.899
843843,"[53, 18, 12]",16.898
1152511,[18],16.896
862965,"[80, 18, 53]",16.892
34065,"[10751, 12, 16, 14]",16.892
60309,"[80, 18, 36]",16.89
16440,"[16, 27, 28]",16.888
20223,[35],16.887
32847,"[10749, 18]",16.886
19929,[99],16.886
2137,"[14, 28, 12]",16.884
15250,"[35, 18, 10749]",25.644
87818,[35],25.636
8337,"[878, 28]",25.628
13654,"[10751, 16, 12, 35]",25.627
50348,"[80, 18, 53]",25.618
335360,"[10751, 16, 12, 14]",25.603
934194,"[878, 28, 53, 27]",25.601
10428,"[28, 80, 53, 18]",25.597
865921,[28],25.593
20334,"[35, 18, 10749]",25.593
472221,"[18, 12]",25.59
17165,"[28, 16, 14, 18]",25.584
1120368,"[37, 18]",25.582
967582,[35],25.581
2118,"[80, 9648, 53]",25.579
829280,"[12, 9648, 80]",25.562
574451,"[18, 10749]",25.562
852436,"[53, 9648]",25.556
745391,"[10749, 35, 18]",25.547
20533,"[28, 37, 18, 14, 53]",25.544
15314,"[35, 80, 18]",17.869
19997,"[53, 80]",17.868
14506,"[14, 12, 35]",17.868
71689,"[16, 35, 10751, 10770, 878, 12, 28]",17.866
10843,"[35, 53, 18]",17.865
201,"[878, 28, 12, 53]",17.864
192577,"[16, 878]",17.862
16140,"[14, 53, 9648]",17.862
1387514,"[18, 10751, 14, 10402]",17.861
356296,"[80, 18, 53]",17.859
2335,"[28, 35]",17.858
1138371,[36],17.852
2142,"[80, 18, 53]",17.849
359483,[18],17.848
12177,"[35, 10749]",17.848
843906,"[16, 35, 9648, 10751, 14, 12, 27]",17.847
1160003,"[27, 9648, 53]",17.845
437109,"[28, 80, 18, 53]",17.845
451480,"[10749, 18, 36]",17.843
530442,"[18, 53, 10770]",17.842
532444,"[10749, 18]",16.097
1977,"[9648, 27, 53]",22.533
9494,"[35, 10749]",16.094
548537,"[18, 10749, 10770]",16.092
11705,"[18, 53]",16.092
831405,"[16, 878, 14, 28]",16.091
26845,"[28, 12]",16.091
18500,"[10751, 35]",16.091
11364,"[10749, 18]",16.09
181656,"[16, 18, 36, 27]",16.089
79113,"[35, 10751, 10770, 10749, 18]",16.085
583268,"[18, 10749, 35]",16.083
9208,"[28, 12, 53]",16.083
39148,"[16, 12, 14]",16.082
12110,"[35, 27]",16.082
8054,"[12, 14, 9648]",16.081
1941,"[18, 10752]",22.513
1010730,"[10770, 10749, 35]",16.076
338768,"[35, 18]",16.075
626393,"[10751, 28]",16.074
14873,"[10751, 16, 12]",26.326
4543,[35],26.324
83091,"[28, 16, 14]",26.32
452,"[35, 18]",26.32
82386,"[16, 35]",26.316
9003,"[27, 53, 14]",26.315
682507,"[18, 9648, 10749]",26.313
12106,"[37, 28]",26.311
813477,"[28, 18, 878, 12, 14]",26.309
419743,"[18, 10749]",26.308
127533,"[12, 28, 14, 10752, 36]",26.308
8469,[35],26.307
736526,"[14, 28, 12]",26.302
782,"[53, 878, 9648, 10749]",26.29
2655,"[18, 27, 9648, 53]",26.276
290512,"[18, 12, 10749]",26.273
7445,"[18, 53, 10752]",26.268
631947,"[27, 53]",26.267
15283,"[12, 16, 14]",26.267
1024773,"[27, 9648]",26.255
547012,"[35, 18]",24.284
37412,[37],24.279
5491,"[878, 28, 12]",24.277
373879,"[28, 16, 12, 35, 14]",24.272
1280468,[18],24.27
4593,[35],24.27
605116,"[28, 80, 878]",24.263
437033,[35],24.262
16127,"[10402, 35, 14]",24.26
381283,"[18, 27, 53]",24.259
1213742,"[18, 53]",24.257
1139979,"[16, 35]",24.256
74078,[18],24.256
10947,"[35, 18, 10751, 10402, 10749, 10770]",24.245
369885,"[28, 18, 10752, 10749, 53]",24.241
11460,"[53, 9648]",24.238
192102,"[28, 18, 53]",24.237
169881,"[12, 18, 36]",24.236
2310,"[12, 28, 16]",24.226
283984,"[28, 16, 18, 14, 10749]",24.224
179826,"[9648, 53]",23.629
239523,"[12, 16, 28, 14]",23.628
363126,"[9648, 18, 27]",23.626
79082,"[16, 12]",23.626
354861,[35],23.625
11979,"[14, 27, 10749]",23.622
1068452,"[18, 10751, 10749]",23.618
558915,[18],23.617
802119,"[35, 18, 10749]",23.611
957,"[35, 878]",23.611
451997,"[28, 80, 9648]",23.608
284276,[18],23.605
292777,"[9648, 53, 18]",23.604
49517,"[18, 53, 9648]",23.593
16985,[35],23.588
87516,"[18, 53, 9648, 28]",23.586
627463,[18],23.578
48138,"[28, 9648, 53]",23.578
1385318,"[35, 18]",23.573
528549,[10749],23.571
9906,"[14, 12, 16, 35, 10751]",26.149
48340,"[28, 53]",26.142
1181212,"[35, 53, 9648]",26.136
9804,"[12, 28, 878]",26.135
1135727,[18],26.134
4638,"[80, 28, 35]",26.13
10781,[27],26.129
463461,"[36, 10749]",26.127
388399,"[28, 80, 18, 36, 53]",26.121
153726,"[35, 80]",26.11
1969,"[28, 35, 37, 80]",26.11
3683,"[10752, 18, 36]",26.108
563,"[12, 28, 53, 878]",26.104
168,"[878, 12]",26.095
2300,"[10751, 16, 35, 878, 12, 14]",26.093
46146,"[14, 27]",26.086
484247,"[80, 53, 35]",26.071
48515,"[80, 18]",26.07
10590,"[28, 36, 10752]",26.069
347375,"[28, 53]",26.067
17941,"[18, 53]",16.444
191820,[18],16.443
681019,"[35, 27]",16.441
382322,"[28, 16, 80, 18]",16.441
12180,"[16, 28, 878, 12]",16.441
1630,[18],16.44
23169,"[18, 10749]",16.438
809107,"[14, 35, 10751, 10770]",16.437
3685,"[37, 12]",16.437
551298,"[10402, 10770, 14]",16.435
50268,[18],16.435
18355,"[53, 28, 80]",16.435
977223,"[35, 28, 18]",16.433
567748,"[18, 53]",16.432
13466,"[18, 10751]",16.432
10725,"[27, 53]",16.432
9563,[18],16.429
71325,"[10749, 18]",16.421
10349,"[9648, 27]",16.42
891636,[18],16.419
105864,"[12, 16, 10751]",60.733
249397,"[18, 9648]",63.102
520763,"[878, 53, 27]",60.64
161,"[53, 80]",61.087
335787,"[28, 12]",60.562
158015,"[878, 27, 53]",60.53
28178,"[18, 10751]",66.307
1288575,"[18, 10751]",54.661
82690,"[10751, 16, 35, 12]",60.331
801335,"[53, 80, 10770]",60.235
32657,"[12, 14, 10751]",59.287
184345,"[35, 27]",60.193
49046,"[18, 10752, 28]",65.535
1885,"[28, 18, 10751]",62.761
950,"[16, 10751, 35, 12]",69.006
10607,"[35, 80]",74.254
711978,[10749],59.997
635910,"[27, 53, 14]",59.979
44833,"[53, 28, 12, 878]",83.944
257344,"[28, 35, 878]",58.432
1891,"[12, 28, 878]",54.346
19908,"[35, 27]",54.324
2758,"[35, 10751, 14]",54.274
2667,"[27, 9648]",54.263
1142780,"[10749, 35, 10770]",54.235
137113,"[28, 878]",54.213
556694,"[18, 14, 10749]",54.205
1146165,[18],54.195
579974,"[18, 28]",54.187
855,"[28, 10752, 36]",54.121
1631,[18],54.116
18823,"[12, 14, 28]",54.112
172385,"[16, 12, 35, 10751]",54.108
845111,"[12, 28, 18]",54.092
1366,[18],54.072
63,"[878, 53, 9648]",54.068
28,"[18, 10752]",54.032
37135,"[10751, 12, 16, 18]",54.016
37169,[27],54.009
23823,"[27, 53]",53.981
921711,"[35, 53]",28.361
763285,"[53, 28, 80]",28.356
501170,"[27, 53, 14]",28.356
817,"[12, 35, 80, 878]",28.344
1683,[27],28.338
760161,"[27, 53]",28.336
97020,"[878, 28, 80]",28.325
635,"[27, 9648]",28.324
235271,"[18, 53]",28.322
123553,"[14, 28, 9648]",28.316
172,"[878, 28, 12, 53]",28.313
646207,"[28, 53]",28.311
497828,"[35, 18]",28.298
347200,"[28, 16]",28.295
1032948,"[27, 53]",28.28
4032,"[35, 18]",28.278
25237,"[18, 10752]",28.271
952079,[10749],28.265
622855,"[10751, 14, 10402]",28.252
22971,"[18, 10749, 10752]",28.251
1073087,[35],17.504
179538,"[35, 27]",17.504
623195,"[10749, 35]",17.502
25642,"[12, 28]",17.502
9346,"[10749, 35, 18]",17.502
619278,"[28, 80, 53]",17.5
26877,"[28, 80, 53]",17.5
157544,"[53, 27]",17.499
199928,"[80, 18, 9648]",17.498
82990,[27],17.498
414419,"[28, 80, 53]",17.497
445030,"[12, 16, 18, 14, 10749]",17.495
355193,"[53, 27, 878]",17.494
34376,"[14, 35, 878, 10749]",17.494
10276,[35],17.493
77805,[18],17.492
11450,"[36, 18, 9648]",17.492
11356,[35],17.49
1119744,[18],17.488
27932,"[18, 53, 28]",17.488
293768,"[18, 53]",15.821
1153428,[99],15.82
6309,"[18, 28, 53]",15.819
595867,"[35, 18]",15.817
829799,"[28, 80, 53]",15.816
18276,"[10751, 12]",15.814
363579,"[28, 53]",15.813
9421,[35],15.813
11812,"[10749, 35]",15.812
367206,[28],15.811
20481,"[27, 14, 28]",15.811
19164,"[12, 16, 35, 10751]",15.811
232391,[18],15.808
21506,"[27, 9648, 53]",15.806
327833,"[53, 28, 18]",15.803
705559,[18],15.802
17234,"[16, 35, 10749]",15.801
16138,"[28, 36, 27]",15.8
62367,"[35, 18]",15.799
57718,"[16, 28, 35, 10751]",15.799
698687,"[16, 878, 12, 10751]",711.909
791042,"[28, 878, 53]",685.567
519182,"[16, 10751, 35, 28]",664.622
995803,"[28, 878, 53, 35, 27]",652.129
592983,"[16, 14, 10751, 12, 35]",633.274
1326059,"[28, 80, 18]",617.734
1252309,"[10749, 18]",577.087
1252470,"[53, 80, 9648, 28]",558.722
1124641,"[28, 53]",532.866
1165466,"[27, 53, 28]",529.944
1084863,"[53, 27, 80, 9648]",511.226
1108427,"[12, 35, 10751, 14]",507.059
1029235,"[28, 27, 53]",505.572
1097870,"[35, 14, 27]",500.499
1010581,"[10749, 18]",486.472
1051896,"[28, 27, 53, 878]",472.002
1106739,"[80, 18]",460.312
1196470,"[53, 12, 28, 878]",443.195
1100099,"[10749, 18]",414.357
539972,"[28, 12, 53]",401.353
370172,"[28, 53, 12]",71.204
968051,[27],71.201
281338,"[18, 878, 10752]",71.191
1955,"[18, 36]",71.191
1187364,[35],71.182
1331344,[27],71.166
953,"[10751, 16, 12, 35]",71.139
489,[18],71.012
10144,"[16, 10751, 14]",70.864
108450,"[53, 18, 10749]",70.831
16219,"[28, 18]",70.804
899112,"[35, 28]",70.766
1225377,"[27, 53]",70.764
5741,[18],70.723
545611,"[28, 12, 878]",70.713
1051891,"[28, 35, 12]",70.659
273481,"[28, 80, 53]",70.63
118249,"[16, 10402, 27, 35]",70.541
343611,"[28, 53]",70.51
630586,"[27, 53]",70.456
1136736,"[18, 10749]",17.774
14126,"[27, 53]",17.774
548754,"[53, 80]",17.771
1232943,"[35, 10749]",17.769
359245,"[53, 27]",17.769
30675,"[878, 16, 28, 14]",17.769
1188258,"[10749, 18]",17.765
115223,"[16, 10751, 12, 18, 14]",17.764
18828,"[12, 18, 28, 35, 10749]",17.764
12154,[35],17.764
35813,"[27, 9648, 53, 80]",17.762
24150,[27],17.762
20875,[35],17.759
599521,"[14, 10749, 10770]",17.758
10911,"[10752, 12, 53, 28]",17.758
11286,"[28, 35, 10751]",17.757
18773,"[27, 9648, 53]",17.756
6418,"[18, 10749]",17.753
72358,"[18, 35]",17.752
912598,"[16, 12, 878, 14]",17.751
197158,"[18, 27, 14, 35]",116.853
820530,"[16, 18, 35, 10749]",116.347
630,"[12, 14, 10751]",116.269
1160018,"[28, 80, 53, 18]",115.581
840705,"[9648, 27, 53]",115.572
121,"[12, 14, 28]",115.404
537915,"[10749, 18]",115.267
2062,"[16, 35, 10751, 14]",115.158
14324,"[12, 28, 35, 10749]",115.115
10719,"[35, 10751, 14]",114.815
419430,"[9648, 53, 27]",114.429
118,"[12, 35, 10751, 14]",114.36
299534,"[12, 878, 28]",114.04
269149,"[16, 12, 10751, 35]",113.681
1032823,"[53, 80]",113.658
588555,"[16, 18, 14]",113.548
575264,"[28, 12]",113.503
91314,"[878, 28, 12]",113.293
1239511,"[18, 53, 80]",112.57
843527,"[10749, 18, 35]",112.521
10529,"[878, 28]",29.442
11621,"[10751, 35, 16, 12]",29.437
53932,[18],29.416
11560,"[18, 9648, 53, 80]",29.414
716808,[35],29.411
1026227,"[18, 35, 10752]",29.393
1228246,"[27, 9648]",29.39
756397,"[16, 35, 12, 10751]",29.39
945729,"[9648, 53, 80]",29.381
539681,"[16, 28, 10751, 35, 878]",29.381
727745,"[10749, 35]",29.371
567189,"[28, 53, 10752]",29.369
256040,"[28, 12, 14, 18]",29.328
1017066,"[18, 10749]",29.327
408349,"[10749, 18]",29.326
193610,"[35, 10749]",29.322
50839,"[53, 18]",29.322
1361221,"[10770, 35, 10749]",29.32
13192,"[14, 10402]",29.31
511987,"[27, 53]",29.292
42994,"[14, 16, 878]",25.245
549294,"[18, 27, 878, 53]",25.242
1074034,"[10752, 28, 53]",25.239
400650,"[14, 10751, 35]",25.236
434555,"[27, 18]",25.226
1032372,"[53, 27]",25.225
629028,"[35, 28, 53]",25.225
64527,"[18, 80, 10749]",25.22
2976,"[35, 10749, 18]",25.22
84308,[18],25.217
1206617,"[35, 18, 10751]",25.212
1155281,"[28, 14, 10752, 12]",25.207
15739,"[35, 18, 10751]",25.203
11806,"[10751, 35]",25.194
1148817,"[80, 27, 18, 9648, 53]",25.19
11615,"[18, 53, 80]",25.19
525657,"[28, 53]",25.188
2666,"[9648, 878]",25.188
189349,"[16, 28]",25.185
3482,"[10752, 53]",25.182
24248,"[36, 18, 12]",19.08
776835,"[16, 12, 10751, 14, 35]",19.078
12122,"[53, 27, 878]",19.078
960139,"[18, 35, 14]",19.073
104859,[35],19.071
146198,"[28, 80, 12, 53]",19.067
877183,"[16, 35, 14]",19.066
664341,[53],19.066
9560,"[18, 10749]",19.066
2614,"[28, 35, 878]",19.065
178,[28],19.064
393519,"[18, 27]",19.061
19904,"[27, 53]",19.061
8944,"[35, 18]",19.06
604872,"[28, 12]",19.059
1059811,"[10402, 35, 18]",19.058
1178329,"[35, 27, 10749]",19.054
456931,"[18, 14, 27, 10749]",19.054
241254,"[53, 28]",19.052
11649,"[28, 14, 878, 12, 53]",19.045
24248,"[36, 18, 12]",19.08
776835,"[16, 12, 10751, 14, 35]",19.078
12122,"[53, 27, 878]",19.078
960139,"[18, 35, 14]",19.073
104859,[35],19.071
146198,"[28, 80, 12, 53]",19.067
877183,"[16, 35, 14]",19.066
664341,[53],19.066
9560,"[18, 10749]",19.066
2614,"[28, 35, 878]",19.065
178,[28],19.064
393519,"[18, 27]",19.061
19904,"[27, 53]",19.061
8944,"[35, 18]",19.06
604872,"[28, 12]",19.059
1059811,"[10402, 35, 18]",19.058
1178329,"[35, 27, 10749]",19.054
456931,"[18, 14, 27, 10749]",19.054
241254,"[53, 28]",19.052
11649,"[28, 14, 878, 12, 53]",19.045
36492,"[18, 10749]",15.918
352492,"[10402, 18]",15.915
1061656,[27],15.914
267806,"[27, 53]",15.914
556509,"[27, 9648, 53, 80]",15.912
114372,"[28, 16]",15.911
127521,"[53, 28, 80]",15.909
14979,"[28, 53, 80]",15.907
17993,[10749],15.906
14695,"[80, 18]",15.903
1100795,"[35, 80, 9648, 10770]",15.901
1231953,"[35, 10749]",15.896
13074,[18],15.896
9085,"[35, 80, 18]",15.896
11980,"[27, 14, 53]",15.892
162215,"[18, 28, 53, 10752]",15.891
28874,"[16, 878]",15.89
11905,"[27, 14]",15.89
774370,"[10751, 16, 35]",15.889
28110,"[28, 80, 18]",15.889
23629,"[28, 14, 53]",27.534
10068,"[10749, 18]",27.533
76,"[18, 10749]",27.533
11978,[18],27.532
327317,[18],27.53
1380919,[10749],27.525
1127227,"[18, 10749]",27.516
796185,"[12, 28, 18, 36]",27.514
1323784,"[18, 53, 10749]",27.511
451,"[18, 10749]",27.511
1542,[35],27.506
508586,[10749],27.5
323675,"[28, 35]",27.496
833339,"[27, 53, 18]",27.492
365942,"[10749, 12, 878, 18]",27.489
9986,"[35, 10751, 14]",27.489
168672,"[18, 80]",27.485
43417,[37],27.479
24402,"[18, 10749]",27.47
1027535,"[27, 35]",27.46
41439,"[27, 80]",29.823
835767,"[37, 28]",29.816
625568,"[28, 53, 27]",29.809
18947,"[18, 35]",29.806
348678,"[35, 18]",29.802
499932,"[80, 18, 53]",29.789
1308623,"[35, 16, 36, 878]",29.787
1226141,"[18, 10751]",29.785
1158915,"[35, 18]",29.782
976912,[53],29.774
113082,"[16, 28, 12, 14]",29.77
336882,"[28, 53, 18]",29.765
11230,"[28, 35]",29.755
283445,[27],29.751
60898,"[14, 18, 27]",29.749
920081,"[28, 27, 878]",29.734
457136,"[18, 36]",29.726
568,"[18, 36]",29.718
213,"[53, 12]",29.717
431693,"[16, 28, 12, 35, 10751]",29.706
17336,"[28, 80, 10749]",27.606
9598,"[14, 18, 35, 10751]",27.603
1268,"[10751, 35]",27.599
8619,"[12, 18, 10752]",27.597
1035982,"[27, 9648]",27.596
9426,"[27, 878]",27.589
695,"[18, 35]",27.588
832502,"[16, 14, 12, 10751, 35]",27.587
799876,"[80, 18, 53, 9648]",27.582
9472,[35],27.577
184314,[18],27.571
497582,"[12, 9648, 80]",27.57
4552,"[18, 27, 9648]",27.565
109428,[27],27.561
317744,"[18, 53]",27.556
13688,"[35, 18, 10751, 14, 878]",27.554
60308,[18],27.548
10066,"[9648, 27, 53]",27.547
18162,"[12, 35, 878]",27.546
483906,"[28, 80, 18]",27.535
801688,"[18, 28, 14, 878]",43.998
251,"[14, 18, 53, 9648, 10749]",43.98
424783,"[28, 12, 878]",43.979
23168,"[80, 18, 53]",43.963
299537,"[28, 12, 878]",43.942
50014,[18],43.933
601,"[878, 12, 10751, 14]",43.916
9769,"[18, 10749]",43.912
50546,"[35, 10749]",43.911
51876,"[53, 9648, 878]",43.873
1883,"[18, 36]",43.869
397243,"[27, 9648]",43.86
9919,"[35, 10749]",43.855
665,"[36, 18, 12, 28]",43.855
43949,"[10749, 18]",43.838
1073125,"[10749, 35, 18]",43.829
726684,"[16, 14, 28, 10770]",43.813
10588,"[35, 12, 10751, 14]",43.728
320288,"[878, 28, 12]",43.694
137106,"[16, 10751, 12, 35, 14]",43.684
10764,"[12, 28, 53, 80]",36.662
9373,[27],36.659
1248795,"[10749, 28, 18]",36.62
15906,"[16, 10751, 10749]",36.596
637693,"[16, 12, 10751]",36.568
258509,"[10751, 12, 35, 10402, 16]",36.553
123338,"[35, 10749, 18]",36.542
893345,"[12, 10751, 14]",36.538
566810,"[14, 12, 878, 28]",36.533
33,[37],36.526
94365,[27],36.504
510,[18],36.492
967,"[36, 10752, 18, 12]",36.468
47933,"[28, 12, 878]",36.466
65754,"[53, 80, 9648]",36.454
62213,"[35, 14]",36.453
334074,"[28, 80, 9648, 53]",36.452
2503,"[28, 18, 9648, 53]",36.436
399402,"[28, 12, 53]",36.426
930564,"[18, 35, 53]",36.418
410119,"[18, 14, 10749]",20.211
1152738,"[10770, 10749, 35, 18]",20.21
20677,"[16, 80, 53]",20.209
195590,"[53, 28]",20.208
241,"[80, 53, 18]",20.208
409502,[18],20.207
1180702,"[35, 80, 28]",20.204
500682,"[80, 18, 53]",20.201
10257,"[28, 12, 35, 14]",20.201
1362480,[99],20.197
406994,"[35, 27, 53]",20.196
860,"[53, 878, 18]",20.193
913,"[18, 80, 10749]",20.191
301337,"[18, 878]",20.19
10610,"[53, 14, 28, 35]",20.189
36834,"[18, 10749]",20.184
212161,"[28, 16]",20.182
10724,"[878, 28, 12, 53]",20.178
2757,"[35, 80, 18]",20.177
582014,"[53, 80, 18]",20.175
592350,"[16, 28, 14, 12]",38.518
136418,"[28, 53]",38.512
395834,"[80, 9648, 53, 37]",38.465
449985,"[53, 28]",38.462
998846,"[10402, 36, 18]",38.437
13811,"[28, 9648, 878, 53]",38.427
1146972,"[16, 878, 28, 18]",38.426
568620,"[28, 12]",38.425
353326,"[18, 36]",38.424
861,"[28, 12, 878]",38.411
153,"[18, 10749]",38.383
585245,"[10751, 12, 35, 14, 16]",38.281
872906,"[28, 80, 53]",38.266
1025169,[99],38.258
2668,"[18, 14, 53, 9648, 27]",38.254
503919,"[18, 14, 53]",38.248
1032472,"[10749, 18]",38.246
15212,"[27, 878, 53]",38.232
6114,"[10749, 27]",38.225
132232,[27],38.22
11821,"[35, 10749]",15.405
11647,"[28, 53, 80]",15.405
628707,"[53, 27]",15.403
19133,"[28, 35]",15.403
241843,"[35, 27]",15.401
19972,"[12, 36, 10752]",15.401
58767,"[10752, 28, 53, 18]",15.4
36095,"[80, 53, 27, 9648]",15.399
398,"[80, 18]",15.399
1363761,[],15.398
1276703,"[18, 10749]",15.398
887,"[18, 10749, 10752]",15.398
1142740,"[80, 53, 28, 10770]",15.396
64720,"[53, 18, 27]",15.395
10176,"[18, 878, 53]",15.394
1072589,"[28, 878, 53, 10749]",15.392
65364,"[18, 53]",15.392
772515,"[27, 9648, 18]",15.391
144336,"[28, 18, 53, 80]",15.391
584962,[35],15.39
923,[27],33.527
333484,"[12, 28, 37]",39.53
7485,"[18, 28, 53]",57.777
545609,"[28, 53]",53.462
9021,"[14, 35, 10751]",48.011
346,"[28, 18]",61.76
13767,"[35, 10751, 12]",48.009
811941,"[28, 18]",53.787
36586,"[14, 27, 28, 53]",74.719
268896,"[28, 14, 878, 12]",44.011
13186,"[27, 53]",60.004
600,"[18, 10752]",53.751
15167,"[16, 10751]",47.002
1093995,"[28, 53]",74.456
205587,[18],53.153
278924,"[28, 80, 53]",74.407
1115623,[28],63.801
604,"[12, 28, 53, 878]",52.709
1371146,"[99, 10402]",53.043
277217,"[10751, 12, 14, 10770]",74.241
396,[18],34.644
167032,"[27, 53]",34.642
1385485,"[35, 10751]",34.628
415842,"[28, 12, 53]",34.621
334543,[18],34.62
11077,"[35, 10751]",34.619
14438,"[18, 10749]",34.618
39105,"[28, 16, 878]",34.607
15016,"[16, 10751]",34.607
792,"[18, 10752, 28]",34.607
60304,"[14, 27, 28]",34.595
9078,"[16, 10751, 14]",34.589
672322,"[28, 12, 18, 10749]",34.587
392044,"[9648, 18, 80]",34.585
784651,"[28, 18]",34.584
22164,"[28, 80, 53]",34.58
8358,"[12, 18]",34.58
243352,[18],34.562
287948,"[28, 53, 80]",34.56
1633,"[18, 35]",34.551
430231,"[878, 27, 53]",15.085
17708,"[28, 35, 80]",15.085
140870,"[16, 12, 10751]",15.084
18731,"[28, 35, 36]",15.083
506680,[18],15.082
9051,"[35, 10749]",15.081
998022,[18],15.08
973912,[35],15.08
376438,[18],15.08
24556,"[16, 10751, 14, 12]",15.08
14534,"[18, 36]",15.08
523607,"[18, 10749, 10402]",15.079
36129,"[16, 12, 9648]",15.079
45928,"[80, 53]",15.077
18681,"[9648, 53]",15.077
10429,[53],15.077
23759,"[12, 28, 18]",15.076
9886,"[878, 28, 12]",15.076
74387,"[35, 18]",15.075
42941,"[27, 53]",15.075
499191,[18],35.069
1302011,[18],35.046
7220,"[28, 80, 18]",35.04
395992,"[27, 878, 9648, 53]",35.036
383634,[18],35.023
290271,"[16, 28, 12, 35, 14]",35.015
3512,"[28, 53]",35.014
474412,"[18, 10749]",34.993
985932,"[53, 80, 18]",34.977
11521,"[18, 10751]",34.971
11497,"[18, 16, 10751, 35, 14]",34.969
615665,"[35, 10749]",34.968
9543,"[12, 14, 28]",34.965
568160,"[16, 18, 14, 10749]",34.961
2059,"[12, 28, 53, 9648]",34.957
14869,"[12, 28, 53, 878]",34.949
75174,"[18, 53, 28, 12]",34.94
658,"[12, 28, 53]",34.936
8292,"[28, 80]",34.904
265712,"[16, 10751, 878, 14, 12]",34.89
1272890,"[27, 53]",18.559
13335,"[35, 12]",18.559
412656,"[14, 878, 12]",18.558
256961,"[28, 35, 10751]",18.557
16455,"[16, 10751, 35]",18.556
11577,[37],18.556
355008,[35],18.555
80585,"[35, 18, 10749]",18.552
860278,[99],18.549
550231,"[18, 10749]",18.549
651571,"[878, 28, 27]",18.545
8840,"[14, 28, 12, 18]",18.541
11846,"[35, 10749]",18.539
10053,"[27, 9648]",18.536
532,"[10751, 16, 35]",18.536
10616,"[28, 35, 53]",18.535
21481,"[35, 18, 10751, 14, 10770]",18.534
11829,"[35, 37]",18.534
11657,"[80, 53]",18.534
9008,"[18, 53]",18.53
172226,"[18, 53, 80, 10749]",16.283
12584,[37],16.283
9980,"[27, 28, 878]",16.283
1267729,"[16, 10751]",16.282
43266,[18],16.282
500840,"[18, 14, 9648, 53]",16.279
16268,"[28, 878, 12]",16.276
16437,"[28, 12, 878]",16.275
18011,"[27, 35]",16.274
10158,"[35, 18]",16.274
1380777,[18],16.272
1989,"[18, 10749]",16.272
55215,"[16, 27, 878]",16.269
20347,"[35, 18]",16.268
10516,"[35, 878]",16.263
31439,"[18, 10749, 10752]",16.26
348674,"[18, 10752]",16.258
18480,[35],16.257
1074262,"[80, 18]",16.255
16804,[18],16.255
633604,"[27, 35]",38.217
1217345,"[14, 10749, 35]",38.21
1369240,[99],38.203
10437,"[10402, 35, 10751, 14, 18]",38.203
1374,[18],38.19
16337,"[27, 35]",38.188
550353,[18],38.18
560057,"[16, 12, 28, 10751, 14]",38.169
1358947,"[16, 35]",38.153
448119,"[10751, 35, 14, 12]",38.151
36670,"[12, 28, 53]",38.14
669444,[],38.125
45139,"[18, 14]",38.109
526896,"[28, 878, 14]",38.087
11011,"[35, 10751]",38.072
638974,"[9648, 35, 80]",38.064
24752,"[28, 16, 878]",38.064
7518,"[10751, 35, 16]",38.053
605722,"[878, 35, 28]",38.048
163,"[53, 80]",38.023
2108,"[35, 18]",29.138
850,"[35, 10751]",29.124
926,"[35, 878, 12]",29.121
6404,"[18, 27]",29.106
295830,"[27, 28, 878]",29.105
2832,"[9648, 53]",29.101
537971,"[18, 99]",29.093
6978,"[28, 35, 14]",29.09
261023,"[18, 80, 36]",29.088
8373,"[878, 28, 12]",29.087
1091298,"[27, 878, 28]",29.066
433498,[18],29.063
287590,"[28, 16, 14]",29.057
100464,"[18, 27, 53]",29.054
888,"[14, 35, 10751]",29.054
1118028,"[18, 36, 53]",29.053
646380,"[35, 878, 18]",29.04
13161,"[35, 80]",29.038
814338,"[18, 10749]",29.036
63197,"[18, 27, 53]",29.031
1020414,"[27, 12, 14]",18.041
925786,"[18, 27, 9648]",18.041
1163045,"[28, 18]",18.04
1492,"[28, 12, 18, 36]",18.04
10254,"[80, 28, 53]",18.037
76487,"[27, 53]",18.035
9957,[35],18.034
13490,"[35, 18, 10751]",18.031
11385,"[12, 35]",18.031
531,"[16, 35, 10751]",18.031
9035,"[27, 878, 35]",18.027
480042,"[28, 53]",18.025
21724,"[10402, 35, 28]",18.024
8859,"[35, 10749]",18.024
35614,"[14, 16, 878, 10751]",18.02
11443,"[28, 80]",18.019
11002,"[12, 18, 28, 10749]",18.018
89636,"[28, 16, 12]",18.016
77951,"[16, 10751, 12]",18.016
23172,"[28, 35, 10751]",18.015
1281933,"[35, 18]",26.994
9335,"[28, 53, 80]",26.987
1094009,[35],26.986
11708,"[10751, 10402, 12, 14, 35]",26.983
514439,[18],26.975
36568,"[35, 10751]",26.97
185526,"[28, 878, 16]",26.965
336000,[18],26.958
13398,"[16, 18, 35]",26.953
83201,"[12, 16, 35, 10751]",26.946
9730,"[27, 53]",26.929
1260594,"[27, 53]",26.922
347754,"[27, 53]",26.914
13027,"[9648, 53, 28]",26.911
1365141,[10402],26.906
46261,"[14, 27, 53]",26.902
9645,"[27, 9648, 53]",26.899
508642,"[27, 9648]",26.896
396371,"[18, 80]",26.894
18993,"[12, 878]",26.891
19286,"[35, 27]",26.404
455,"[35, 18, 10749]",26.4
649609,"[35, 27]",26.394
63319,[18],26.391
9326,"[10749, 35, 28, 12]",26.391
242828,"[16, 18, 10751, 9648]",26.386
228794,"[18, 10749]",26.386
980078,"[27, 53]",26.384
68817,"[18, 10402, 10749]",26.373
1082010,[18],26.371
600354,[18],26.36
16716,"[18, 14]",26.36
16931,"[28, 12, 53]",26.359
656156,"[28, 53, 18]",26.353
446159,"[9648, 37, 53]",26.35
27945,[37],26.347
62395,[18],26.34
387,"[18, 36, 10752]",26.33
1070535,"[9648, 27, 53]",26.328
24922,"[80, 35, 27]",26.327
968739,"[18, 10749]",22.357
133121,"[16, 27, 28]",22.357
462181,"[35, 18, 10749]",22.351
204,"[18, 53, 12]",22.351
11901,"[37, 18, 9648]",22.349
696506,"[878, 14, 35]",22.337
416148,[99],22.337
3635,"[18, 10749]",22.337
666243,"[16, 28, 14]",22.331
115084,"[27, 878, 35]",22.331
8321,"[35, 18, 80]",22.331
9482,[878],22.33
842942,"[80, 18, 53]",22.328
454286,[18],22.327
521034,"[10751, 14, 18]",22.326
49017,"[27, 28, 14]",22.325
12508,"[10402, 18, 35]",22.325
173443,"[16, 18, 36, 10749, 878, 14]",22.32
699,"[12, 28, 53]",22.312
1143319,"[35, 10749]",22.308
39101,"[28, 16, 878]",40.591
1088096,"[35, 18]",40.566
18861,"[12, 16, 28]",40.564
1911,"[12, 36, 28]",40.547
1391,"[18, 10749]",40.545
11212,"[35, 12, 10751, 80, 18]",40.513
37707,"[27, 878]",40.504
76726,"[878, 18, 53]",40.496
20504,"[28, 53, 878]",40.494
1825,"[28, 18]",40.481
530915,"[10752, 36, 53, 18]",40.478
9928,"[16, 35, 10751, 878]",40.463
1151506,[35],40.414
976906,"[10752, 28, 36]",40.408
11422,"[28, 18, 36, 10752]",40.399
1278099,[35],40.358
522931,"[28, 35, 80, 53]",40.349
406990,"[878, 53, 18, 9648, 28]",40.349
1210881,"[35, 18, 10751]",40.325
3563,"[35, 10749]",40.319
428493,"[10749, 18]",15.546
18415,"[18, 35]",15.546
11026,"[27, 9648, 53]",15.545
14854,"[28, 80]",15.544
918930,"[16, 14, 18]",15.543
8831,"[53, 878, 28, 80]",15.541
2749,"[28, 80, 53]",15.54
17332,"[18, 10402]",15.539
658228,[10749],15.536
437375,"[53, 9648]",15.535
201749,"[18, 35]",15.535
826749,"[28, 53, 80]",15.534
573730,"[16, 12, 14, 9648, 18, 878]",15.533
369192,"[18, 35, 36]",15.532
8838,"[28, 80, 18, 53]",15.532
15271,[35],15.53
1171099,"[18, 36]",15.529
987917,[35],15.527
890656,"[28, 14]",15.527
780609,"[27, 53, 14]",15.523
995133,"[16, 10751, 12, 14]",35.444
448776,"[18, 28, 80]",35.434
1700,"[18, 53]",35.428
10780,"[35, 10749]",35.4
1326963,"[53, 10749, 18]",35.381
9358,"[27, 9648]",35.35
1388431,"[18, 10749]",35.344
1000837,"[18, 36]",35.338
479455,"[35, 878, 28]",35.335
1279104,"[14, 10751]",35.33
36073,[27],35.312
924482,"[53, 12]",35.292
1271883,"[27, 18]",35.278
10202,"[14, 35, 10751, 10749]",35.271
438650,"[28, 80, 53, 35]",35.258
351819,"[10749, 35]",35.248
338762,"[28, 878, 12]",35.217
770,"[18, 10752, 10749]",35.215
869,"[53, 878, 28, 12]",35.21
881,[18],35.207
728949,"[35, 14]",39.126
744857,"[27, 53]",39.106
1878,"[12, 18, 35]",39.104
338958,"[35, 10751, 14]",39.096
524047,"[28, 53, 18]",39.095
74,"[12, 53, 878]",39.083
180299,"[28, 80, 53]",39.056
43947,"[53, 80, 27]",39.024
338967,"[35, 27]",39.016
408866,"[28, 80]",38.978
1018634,"[53, 28]",38.97
1148172,"[53, 9648, 18, 80]",38.958
4478,"[10749, 18]",38.947
376867,[18],38.916
57165,"[14, 12, 28]",38.876
850888,"[28, 53]",38.852
68735,"[28, 12, 14]",38.836
287424,"[27, 18]",38.829
70160,"[878, 12, 14]",38.811
843380,"[37, 53, 28]",38.81
11467,"[35, 10749]",16.912
1053110,"[10749, 35]",16.91
774741,"[16, 35, 10751]",16.91
11867,"[878, 28, 12]",16.908
1389540,"[18, 27]",16.906
12187,"[14, 35, 10749]",16.905
932430,"[10749, 35]",16.904
534179,[10749],16.9
171,"[35, 10749, 18]",16.9
13051,"[80, 28, 18, 53]",16.899
843843,"[53, 18, 12]",16.898
1152511,[18],16.896
862965,"[80, 18, 53]",16.892
34065,"[10751, 12, 16, 14]",16.892
60309,"[80, 18, 36]",16.89
16440,"[16, 27, 28]",16.888
20223,[35],16.887
32847,"[10749, 18]",16.886
19929,[99],16.886
2137,"[14, 28, 12]",16.884
245842,"[14, 12, 10751]",16.394
13691,"[16, 10751]",16.393
23383,[18],16.389
11066,"[35, 10749]",16.389
28808,"[12, 16, 80, 18, 9648]",16.387
55165,"[35, 18]",16.386
11593,"[18, 35]",16.385
499028,"[10749, 18, 14]",16.384
1083658,[18],16.383
9671,"[12, 35]",16.383
16729,"[18, 10749]",16.382
9504,"[80, 18, 9648]",16.382
20235,"[16, 10751]",16.378
654,"[80, 18, 10749]",16.377
22949,"[35, 10751]",16.376
472451,[18],16.373
361777,"[36, 53]",16.373
270487,"[35, 80, 9648]",16.373
18476,"[80, 18, 27, 9648, 53]",16.37
1049,"[18, 53, 9648, 10749]",16.369
800345,"[28, 53, 80]",37.4
34584,"[12, 14, 10751, 18]",37.385
812037,[18],37.355
134374,"[28, 80, 35]",37.345
1227624,"[35, 80, 53]",37.33
449562,"[35, 80]",37.306
16664,"[18, 80]",37.292
8277,[35],37.278
458423,"[35, 10749]",37.261
34016,"[10749, 35]",37.246
549514,"[18, 53]",37.243
1300962,"[27, 18, 53]",37.239
49494,"[12, 18]",37.236
9334,"[28, 12, 14, 18]",37.234
784941,"[18, 10749]",37.219
70519,[35],37.194
34806,"[35, 10749]",37.184
795514,[18],37.176
419116,"[18, 10749]",37.174
329,"[12, 878]",37.167
456740,"[14, 27, 28, 12]",54.797
55580,[35],54.785
316029,[18],54.746
6844,"[18, 36]",54.691
933131,"[878, 28]",54.668
124905,"[28, 18, 878]",54.612
10545,"[18, 16, 10751]",54.61
1164355,"[27, 53]",54.594
678512,"[28, 18]",54.525
107257,"[18, 10749]",54.518
1735,"[12, 28, 14]",54.511
935271,"[878, 28]",54.505
329505,"[18, 35]",54.484
1223178,"[16, 18, 35, 14]",54.47
1255017,[35],54.456
1209288,"[16, 878, 28]",54.453
385128,"[28, 12, 80]",54.451
1309923,"[28, 53, 35, 18]",54.443
1573,"[28, 53]",54.348
325358,"[35, 28]",54.346
37136,"[35, 80]",39.386
707,"[12, 28, 53]",39.386
241554,"[28, 80, 53]",39.369
454,"[18, 10749]",39.348
1262596,[18],39.346
372049,[10749],39.345
222935,"[10749, 18]",39.341
915935,"[53, 9648, 80]",39.332
291870,[35],39.329
462,[18],39.318
1646,"[80, 18]",39.309
289,"[18, 10749]",39.299
236751,[18],39.294
78383,"[27, 53]",39.287
618588,"[12, 18]",39.262
709,"[12, 28, 53]",39.209
10225,"[27, 53]",39.181
631843,"[53, 9648, 27]",39.16
4553,"[53, 18]",39.154
20453,"[18, 35]",39.135
2405,"[12, 18, 10770]",29.015
158011,"[80, 53]",29.009
260786,"[14, 16, 18]",29.003
18736,"[10751, 35]",29.003
802219,"[10402, 36, 18]",29.002
7978,"[27, 53]",29.001
9948,"[12, 16, 35, 10751]",28.998
143477,"[18, 27]",28.982
1191610,"[18, 10749, 35]",28.974
7191,"[28, 53, 878]",28.962
18405,"[80, 53, 27, 18]",28.956
388,"[80, 18, 53]",28.951
809140,[18],28.948
266856,"[18, 10749]",28.948
37821,"[28, 35, 53, 10749]",28.921
766680,[35],28.913
9395,"[28, 53, 18]",28.908
531306,"[878, 12, 28, 35]",28.907
1030598,"[18, 53]",28.901
993234,[18],28.875
644583,"[18, 53]",15.246
31943,"[12, 18, 28, 53]",15.245
24696,"[16, 35, 10751]",15.245
1071815,"[878, 80, 53]",15.243
55107,"[18, 10749]",15.243
46096,"[18, 10752, 10749]",15.243
14208,"[14, 28, 12]",15.242
14059,"[10751, 12]",15.236
2332,"[28, 35]",15.236
648,"[18, 14, 10749]",15.235
128868,"[16, 35]",15.234
14072,"[35, 18, 10749]",15.234
270007,[53],15.233
117352,"[16, 35, 10751]",15.233
724475,"[16, 28, 12, 878]",15.232
366568,"[35, 80]",15.232
343843,"[10752, 36]",15.232
14429,"[10749, 35, 18]",15.231
292047,[18],15.23
186971,"[18, 36]",15.23
295151,"[10749, 35]",16.783
805411,"[16, 10751, 35, 18]",16.782
378018,"[9648, 27, 878]",16.778
36576,"[35, 80, 9648]",16.775
22536,"[18, 27, 53]",16.775
3989,"[12, 28, 35]",16.772
15648,"[35, 18, 10751, 10749]",16.771
27318,"[14, 27, 35]",16.77
121875,"[35, 18, 9648, 53]",16.769
1019202,"[18, 10749]",16.768
861451,"[28, 18, 53]",16.764
726739,"[10751, 35, 28]",16.763
27297,"[27, 53]",16.763
36797,"[35, 10751, 878]",16.762
11832,[18],16.762
723419,"[18, 27, 9648]",16.76
42188,"[18, 10749, 878]",16.76
44629,"[80, 18]",16.758
26428,"[12, 18, 36]",16.758
18671,"[80, 10749, 53]",16.756
4488,[27],44.246
1368,"[28, 12, 53, 10752]",44.224
1152774,"[18, 53]",44.217
296,"[28, 53, 878]",44.196
153158,"[16, 12, 10749]",44.171
942576,"[53, 28, 18]",44.17
614479,"[27, 53]",44.158
9741,"[53, 18, 9648]",44.148
1894,"[12, 28, 878]",44.14
661374,"[35, 80, 9648]",44.135
512195,"[28, 35, 80]",44.134
9969,"[35, 10751]",44.131
615457,"[28, 53]",44.127
781732,"[28, 80, 18]",44.114
1115396,"[28, 53, 10770]",44.071
9509,"[28, 18, 53]",44.063
250546,[27],44.041
46738,"[18, 10752, 9648]",44.027
1388874,[18],44.024
1105407,"[28, 18, 53, 80]",44.022
1637,"[28, 53]",50.435
20982,"[16, 28, 14]",50.414
10530,"[12, 16, 10751, 10749]",50.41
14411,"[10751, 16, 12, 35, 14, 28]",50.386
927,"[14, 27, 35]",50.379
427641,"[28, 12, 878]",50.332
425909,"[14, 35, 12, 878]",50.296
10140,"[12, 10751, 14]",50.289
2270,"[12, 14, 10749, 10751]",50.257
481871,[18],50.243
27582,"[28, 53, 80]",50.183
500006,"[36, 18]",50.128
274855,"[28, 878, 53]",50.122
1294203,"[10749, 18]",50.116
1061990,[28],50.039
102899,"[878, 28, 12]",49.992
15512,"[16, 10751, 12, 878]",49.992
45612,"[53, 878, 9648]",49.979
204082,"[28, 53]",49.954
77,"[9648, 53]",49.949
303,"[53, 10749, 9648]",16.567
46094,"[10751, 35]",16.565
805320,"[53, 878, 27]",16.56
8408,"[27, 18, 9648]",16.56
11132,[35],16.559
26388,"[18, 53, 9648]",16.557
20043,"[16, 878]",16.557
118379,"[35, 18]",16.556
287,"[35, 10749]",16.556
50724,"[10749, 18]",16.555
43209,"[28, 12, 36]",16.555
33701,[35],16.555
1130899,"[27, 9648]",16.552
543254,"[18, 10749]",16.552
1292674,[18],16.551
982543,"[27, 28]",16.549
247,"[80, 53]",16.549
20093,"[18, 28, 80]",16.545
281,"[80, 18, 878, 53]",16.544
576393,"[10749, 35]",16.543
1234811,"[10749, 35, 18]",331.28
1371727,"[16, 10751, 35]",330.688
259872,[10749],322.764
939243,"[12, 35, 10751, 878]",316.159
839033,"[16, 14]",309.79
1142518,"[28, 10749, 18]",298.457
978796,"[27, 53]",296.331
98,"[28, 18, 12]",295.959
1355755,"[16, 12, 14, 10751]",291.338
1041317,[10752],290.498
592695,[18],288.596
1125510,"[878, 27]",287.815
889737,"[18, 80, 53]",287.048
1340602,[27],286.601
917496,"[35, 14, 27]",286.004
957452,"[28, 14, 27]",284.25
748783,"[16, 35, 10751, 12, 28]",275.455
1011985,"[16, 10751, 14, 28]",267.69
1287717,[27],263.827
1144962,"[28, 878]",262.988
664236,"[16, 35, 10751, 12]",19.181
335778,"[28, 12, 18, 14]",19.181
439,"[35, 18]",19.179
629015,"[53, 27, 18]",19.176
361745,"[10770, 10749]",19.176
33613,"[28, 53, 80, 9648]",19.171
11825,"[35, 80]",19.169
333667,"[16, 12, 35, 10751, 10402]",19.165
348537,"[35, 10749, 10751]",19.163
429300,"[53, 10749, 12]",19.161
1035369,"[10749, 18, 10402]",19.16
394723,"[18, 10749]",19.158
38410,"[27, 9648, 80, 53]",19.15
18990,[27],19.15
188982,"[28, 35]",19.146
277355,"[53, 28]",19.143
978,"[12, 18, 36]",19.143
458131,"[18, 36]",19.142
1232177,[10749],19.141
18282,"[35, 10749, 10751]",19.141
531499,"[28, 80, 18]",25.972
481836,"[18, 10749]",25.972
2623,"[18, 10749]",25.968
1008640,[80],25.966
1077280,"[35, 28, 53]",25.965
929,"[878, 28, 53]",25.963
12480,"[18, 10749, 35]",25.961
2898,"[18, 35, 10749]",25.96
227719,"[878, 53]",25.956
22824,"[9648, 878, 53]",25.953
16307,[27],25.948
460555,"[28, 53, 10752, 12]",25.947
11637,"[10751, 12, 35, 10749]",25.947
346470,"[18, 10749, 35]",25.942
642121,"[16, 10749, 18]",25.939
975,"[10752, 18, 36]",25.921
489150,[10749],25.907
5070,"[35, 18]",25.907
25405,"[18, 10752, 10770]",25.897
2022,"[35, 10749]",25.897
338380,"[18, 16, 35]",14.984
11826,"[80, 18, 53]",14.984
372754,"[10749, 16]",14.983
13751,[18],14.983
11817,"[28, 35, 14]",14.983
11091,"[35, 18, 10749]",14.983
20287,"[28, 53, 80]",14.982
539651,"[878, 53, 9648, 27]",14.981
17653,"[12, 28, 35]",14.981
17660,[37],14.98
434203,"[10749, 18]",14.979
49009,"[18, 12, 36]",14.979
15596,[35],14.979
293767,"[18, 10752]",14.977
13528,"[53, 18, 9648, 80]",14.977
955991,"[18, 27]",14.976
841530,[],14.976
339116,"[28, 12, 35, 14, 878, 53]",14.976
523777,"[16, 28, 12, 35, 10751, 878]",14.975
392536,"[16, 10751, 35, 9648]",14.975
295151,"[10749, 35]",16.783
805411,"[16, 10751, 35, 18]",16.782
378018,"[9648, 27, 878]",16.778
36576,"[35, 80, 9648]",16.775
22536,"[18, 27, 53]",16.775
3989,"[12, 28, 35]",16.772
15648,"[35, 18, 10751, 10749]",16.771
27318,"[14, 27, 35]",16.77
121875,"[35, 18, 9648, 53]",16.769
1019202,"[18, 10749]",16.768
861451,"[28, 18, 53]",16.764
726739,"[10751, 35, 28]",16.763
27297,"[27, 53]",16.763
36797,"[35, 10751, 878]",16.762
11832,[18],16.762
723419,"[18, 27, 9648]",16.76
42188,"[18, 10749, 878]",16.76
44629,"[80, 18]",16.758
26428,"[12, 18, 36]",16.758
18671,"[80, 10749, 53]",16.756
302945,"[18, 10749]",26.243
1636,"[14, 35, 10749]",26.243
477447,"[16, 28, 12, 14]",26.24
1228997,"[35, 18]",26.238
622082,"[18, 10749]",26.236
121856,"[28, 12, 878]",26.233
137116,"[16, 10751, 12, 35]",26.23
626872,"[28, 18, 53]",26.228
625450,"[35, 18, 10749]",26.226
62215,"[18, 878]",26.212
551608,"[27, 9648, 53]",26.211
15015,"[16, 10751]",26.2
715756,"[53, 18, 27]",26.198
413052,"[80, 18, 53]",26.195
345911,[27],26.183
609271,"[16, 35, 10751, 10749]",26.174
1142611,"[10749, 35]",26.168
395991,"[18, 28]",26.165
431580,"[10751, 16, 12, 35]",26.163
756,"[16, 10751, 14]",26.162
9922,"[878, 12, 28]",17.173
359364,[99],17.807
329833,"[35, 12, 28]",17.805
6068,"[35, 28, 12, 10749]",18.421
200,"[878, 28, 12, 53]",24.917
21575,"[80, 18]",24.914
15259,"[10402, 18, 10749]",12.169
2196,"[35, 18]",23.421
28739,[27],17.792
27793,"[14, 10751]",24.909
11595,"[53, 28, 35, 80, 18]",13.169
10027,"[28, 80]",24.903
632065,[35],17.787
12104,"[10402, 18]",17.918
286387,"[16, 10751, 9648, 35]",17.783
391907,[10749],17.782
1262523,[18],17.78
40205,"[14, 18, 10751]",17.778
5919,"[28, 18, 53]",17.167
20379,"[28, 18]",24.886
24248,"[36, 18, 12]",19.08
776835,"[16, 12, 10751, 14, 35]",19.078
12122,"[53, 27, 878]",19.078
960139,"[18, 35, 14]",19.073
104859,[35],19.071
146198,"[28, 80, 12, 53]",19.067
877183,"[16, 35, 14]",19.066
664341,[53],19.066
9560,"[18, 10749]",19.066
2614,"[28, 35, 878]",19.065
178,[28],19.064
393519,"[18, 27]",19.061
19904,"[27, 53]",19.061
8944,"[35, 18]",19.06
604872,"[28, 12]",19.059
1059811,"[10402, 35, 18]",19.058
1178329,"[35, 27, 10749]",19.054
456931,"[18, 14, 27, 10749]",19.054
241254,"[53, 28]",19.052
11649,"[28, 14, 878, 12, 53]",19.045
1054116,"[16, 28]",32.901
9316,"[28, 53, 80, 12]",32.886
1584,"[35, 10402]",32.886
8413,"[27, 878, 9648]",32.882
50124,"[35, 10749]",32.872
415,"[28, 878, 12]",32.862
98008,"[18, 35]",32.854
11533,"[12, 10751, 14]",32.852
567604,"[35, 28, 12]",32.848
13002,"[16, 10751]",32.837
939335,"[28, 53]",32.835
335796,[27],32.834
109424,"[28, 18, 53]",32.831
1487,"[14, 28]",32.827
14,[18],32.824
27414,"[53, 27]",32.814
581,"[12, 18, 37]",32.808
5915,"[12, 18]",32.807
9470,"[28, 35, 80, 14]",32.803
19,"[18, 878]",32.803
308624,[10749],28.247
16296,"[35, 27, 878]",28.24
593961,"[10749, 18]",28.239
565426,"[10749, 35]",28.236
10376,"[18, 10402]",28.228
1172604,"[27, 53, 18]",28.222
9739,"[80, 28, 878]",28.22
1359867,"[10770, 35, 10749, 18]",28.217
11529,"[35, 10749]",28.217
1019411,"[35, 10749]",28.216
11617,[37],28.203
298094,"[10749, 18]",28.198
1246,[18],28.198
453755,"[18, 12]",28.193
1227816,"[80, 28, 53]",28.19
332567,"[27, 18, 53]",28.189
91586,"[27, 53]",28.172
10216,"[878, 28, 27]",28.172
16113,"[28, 53, 12, 10752]",28.168
660,"[12, 28, 53]",28.168
1054561,"[27, 18]",48.398
297270,"[12, 16, 10751]",42.513
15255,"[28, 80, 53]",46.758
460019,"[53, 27]",67.694
45933,[35],67.675
36669,"[12, 28, 53]",67.654
14161,"[28, 12, 878]",58.0
912916,"[10749, 18, 35]",45.294
56292,"[28, 53, 12]",67.628
755812,"[16, 10770, 14, 28]",56.251
1422,"[18, 53, 80]",58.737
619803,"[28, 80, 35, 53]",46.253
1159518,"[28, 878, 27, 53]",49.841
303857,"[28, 16, 878]",63.736
61791,"[53, 28, 18, 878]",57.482
62,"[878, 9648, 12]",50.224
1018,"[53, 18, 9648]",33.97
1014590,"[10749, 35]",48.127
346672,"[14, 28, 12, 53]",48.114
10555,"[16, 28, 35, 10751]",67.343
474350,"[27, 18, 14]",66.45
937287,"[10749, 18]",66.449
1303236,"[80, 28]",66.378
9487,"[10751, 16, 12, 35]",66.309
103,"[80, 18]",66.226
294254,"[878, 28, 53, 12]",66.161
804616,"[53, 27]",66.158
1107054,[53],66.099
1059128,"[18, 10749]",66.06
59440,"[18, 28]",66.034
49444,"[16, 10751, 35]",65.908
1124,"[18, 9648, 878]",65.882
1059064,"[80, 35, 28]",65.875
756999,"[27, 53]",65.826
512200,"[12, 35, 14]",65.74
967941,"[18, 14]",65.688
297,"[14, 18, 10749]",65.641
4232,"[80, 27, 9648]",65.595
1042834,"[53, 18]",65.581
57158,"[14, 12, 28]",65.555
567690,[18],17.984
6023,"[18, 10749]",17.983
9599,"[27, 878]",17.981
84188,"[18, 53]",17.978
28176,[18],17.978
356987,"[18, 53, 12]",17.976
1024774,"[18, 10749]",17.975
846967,"[9648, 53]",17.975
448779,"[12, 35, 10751, 16]",17.975
137227,"[16, 12, 10751, 878]",17.975
37950,"[18, 10749]",17.975
903,"[28, 18, 80]",17.975
188166,"[80, 53]",17.973
10677,"[10749, 18]",17.973
567646,"[28, 35, 80]",17.972
13969,"[10751, 35, 18, 10749]",17.97
1069069,[10749],17.966
22201,[37],17.963
10122,"[10751, 878, 12]",17.962
689700,"[80, 28, 18]",17.96
10478,"[18, 10749, 35]",16.418
471498,"[878, 53, 27]",16.416
570,[18],16.415
17918,"[27, 878]",16.413
775568,[],16.412
109431,"[35, 80]",16.41
14746,[28],16.409
383785,"[35, 9648, 10751, 28, 12]",16.407
7979,[18],16.407
1011679,"[28, 878, 53, 27]",16.406
862855,"[28, 12, 18]",16.404
27088,[35],16.403
854188,[27],16.402
1339825,"[18, 14, 99, 878]",16.401
575479,"[35, 18]",16.401
357786,"[16, 14, 9648]",16.401
1155605,"[35, 18]",16.4
283591,"[18, 10749]",16.4
14028,"[10752, 28, 53]",16.4
458005,"[878, 10749, 53]",16.398
408381,"[53, 18]",17.898
1013240,"[28, 80, 18, 9648, 878, 53]",17.897
851976,[80],17.896
438590,"[878, 28, 12, 10751]",17.896
337556,"[14, 28, 9648]",17.895
24942,"[10749, 35]",17.895
929170,[35],17.894
10647,[18],17.892
778810,"[16, 10751, 35]",17.891
20789,"[12, 28]",17.891
1351113,[53],17.889
16187,"[16, 10751, 35, 878, 12]",17.888
28512,"[12, 18, 53, 28, 10770]",17.883
743814,[18],17.881
1093994,"[28, 53]",17.88
137578,[27],17.88
15809,"[80, 18]",17.879
392,"[35, 18, 10749]",17.873
293646,"[18, 36]",17.872
1024592,[18],17.869
83899,"[27, 53, 9648]",21.324
1314369,"[28, 80, 53]",21.322
763164,"[28, 53, 878]",21.321
13497,"[18, 10749, 35, 10402]",21.318
14373,"[28, 80, 18]",21.31
6589,"[10751, 28, 12, 35, 14, 878]",21.31
5038,"[18, 10749]",21.309
1079244,"[18, 36, 10752]",21.305
11281,"[27, 53]",21.305
4515,"[28, 12, 18, 36]",21.302
1190012,"[16, 35, 878, 10770]",21.301
821937,"[28, 53]",21.297
9678,"[35, 14]",21.293
760,[35],21.293
18775,"[27, 878]",21.288
526811,"[10749, 18]",21.285
614917,"[18, 36]",21.284
1902,"[18, 53, 878]",21.284
457710,"[878, 28, 27]",21.283
11510,"[35, 27]",21.28
610150,"[16, 878, 28]",52.415
169,"[878, 28, 53]",52.399
1014214,"[28, 18]",52.382
10999,"[28, 12, 53]",52.376
1620,"[28, 53, 18]",52.334
1016346,"[28, 18, 53]",52.314
355547,"[35, 12, 16, 10751, 14]",52.14
185,"[878, 80]",52.122
43347,"[18, 35, 10749]",52.119
26466,[27],52.106
453,"[18, 10749]",52.032
9655,"[35, 10749]",52.014
9880,"[35, 10751, 10749]",52.005
38234,"[28, 53]",51.948
8467,[35],51.925
863873,"[53, 9648, 18, 878]",51.909
1427,"[80, 14, 18]",51.883
20526,"[12, 28, 878]",51.865
109439,[35],51.861
225886,[35],51.848
